town,transaction_count,median_price,median_price_per_sqm,population_planning_area,estimated_median_household_income,estimated_mean_household_income,estimated_annual_household_income,price_to_income_ratio,low_sample
ANG MO KIO,997,350000.0,4239.130434782609,Ang Mo Kio,7588.001514004542,10467.572749830815,91056.01816805449,3.8437876709481653,False
BEDOK,1315,360000.0,4233.333333333333,Bedok,9247.844827586207,12566.19577873015,110974.13793103448,3.24399906781636,False
BISHAN,448,600000.0,5625.932835820895,Bishan,12362.668161434978,15010.116646027243,148352.01793721973,4.044434368623895,False
BUKIT BATOK,686,370000.0,3867.2176308539947,Bukit Batok,8718.647764449292,11389.638614066316,104623.7731733915,3.5364811340421096,False
BUKIT MERAH,795,580000.0,5806.451612903225,Bukit Merah,8490.42669584245,11368.140937466935,101885.12035010941,5.692686017417824,False
BUKIT PANJANG,1143,435000.0,4543.478260869565,Bukit Panjang,8867.50788643533,11458.192998571138,106410.09463722397,4.087958022056208,False
BUKIT TIMAH,47,710888.0,6356.164383561644,Bukit Timah,,20894.833148745605,,,False
CHOA CHU KANG,942,402000.0,3648.094816127603,Choa Chu Kang,9556.058158319871,11615.440627333832,114672.69789983844,3.5056295645117665,False
CLEMENTI,583,438000.0,4908.776119402985,Clementi,10053.601340033501,13082.147512491852,120643.21608040202,3.6305398200599797,False
GEYLANG,570,390000.0,4594.916344916345,Geylang,7786.319612590799,10669.394855415501,93435.83535108958,4.173987405737386,False
HOUGANG,1250,430000.0,4225.1642036124795,Hougang,8848.444658789487,11404.888978966806,106181.33590547385,4.049675927818428,False
JURONG EAST,502,395000.0,4117.64705882353,Jurong East,7906.272273699216,10445.463257394258,94875.2672843906,4.16336112989257,False
JURONG WEST,1439,406000.0,3864.406779661017,Jurong West,8552.732298532852,10391.948397989738,102632.78758239423,3.955850850042056,False
KALLANG/WHAMPOA,568,460000.0,4940.673705379588,Kallang,8471.264367816091,11390.324074074075,101655.1724137931,4.525101763907734,False
MARINE PARADE,132,434844.0,5579.022988505747,Marine Parade,13020.408163265307,16063.138038171328,156244.89795918367,2.783092476489028,False
PASIR RIS,849,500000.0,4098.360655737705,Pasir Ris,11313.94207167403,13628.993600506119,135767.30486008836,3.6827717874731523,False
PUNGGOL,1748,460000.0,5108.111266947171,Punggol,9624.84076433121,11493.839533381464,115498.08917197451,3.9827498731608326,False
QUEENSTOWN,653,657000.0,7080.536912751678,Queenstown,9568.690095846645,12352.363549422775,114824.28115015975,5.721786310517529,False
SEMBAWANG,450,395500.0,3750.0,Sembawang,8821.041214750543,10643.262130801688,105852.49457700652,3.7363314070248776,False
SENGKANG,2159,441000.0,4627.659574468085,Sengkang,9687.008784096162,11592.557691786209,116244.10540915394,3.793740753114113,False
SERANGOON,418,458500.0,4701.086404711138,Serangoon,11370.486656200941,14490.78369140625,136445.8398744113,3.360307653366469,False
TAMPINES,1700,462000.0,4380.952380952381,Tampines,9318.801089918255,11471.332784140017,111825.61307901907,4.131432748538012,False
TOA PAYOH,671,359000.0,4383.561643835616,Toa Payoh,8381.300403225807,11401.974879960937,100575.60483870968,3.569454049773982,False
WOODLANDS,1406,385000.0,3626.3736263736264,Woodlands,8044.842562432139,9746.171921848634,96538.11074918567,3.988062300082329,False
YISHUN,1692,370000.0,4032.2580645161293,Yishun,7685.530085959886,9663.902047791802,92226.36103151862,4.01186814552459,False
