town,flat_type,transaction_count,median_price,median_price_per_sqm,population_planning_area,estimated_median_household_income,estimated_mean_household_income,estimated_annual_household_income,price_to_income_ratio,low_sample
ANG MO KIO,2 ROOM,185,270000.0,6068.181818181818,Ang Mo Kio,7588.001514004542,10467.572749830815,91056.01816805449,2.965207631874299,False
ANG MO KIO,3 ROOM,5144,350000.0,4925.373134328358,Ang Mo Kio,7588.001514004542,10467.572749830815,91056.01816805449,3.8437876709481653,False
ANG MO KIO,4 ROOM,2824,516844.0,5549.450549450549,Ang Mo Kio,7588.001514004542,10467.572749830815,91056.01816805449,5.6761102714386675,False
ANG MO KIO,5 ROOM,1455,745000.0,6207.407407407408,Ang Mo Kio,7588.001514004542,10467.572749830815,91056.01816805449,8.18177661387538,False
ANG MO KIO,EXECUTIVE,137,920000.0,5938.775510204082,Ang Mo Kio,7588.001514004542,10467.572749830815,91056.01816805449,10.103670449349464,False
BEDOK,2 ROOM,175,260000.0,5777.777777777777,Bedok,9247.844827586207,12566.19577873015,110974.13793103448,2.3428882156451487,False
BEDOK,3 ROOM,5148,340000.0,4970.828364222401,Bedok,9247.844827586207,12566.19577873015,110974.13793103448,3.063776897382118,False
BEDOK,4 ROOM,4404,490000.0,5243.90243902439,Bedok,9247.844827586207,12566.19577873015,110974.13793103448,4.415443175638934,False
BEDOK,5 ROOM,2268,640000.0,5304.347826086957,Bedok,9247.844827586207,12566.19577873015,110974.13793103448,5.767109453895751,False
BEDOK,EXECUTIVE,625,828000.0,5616.438356164384,Bedok,9247.844827586207,12566.19577873015,110974.13793103448,7.461197855977628,False
BISHAN,3 ROOM,490,415000.0,6388.059701492537,Bishan,12362.668161434978,15010.116646027243,148352.01793721973,2.797400438298194,False
BISHAN,4 ROOM,2034,618000.0,6265.060240963855,Bishan,12362.668161434978,15010.116646027243,148352.01793721973,4.165767399682611,False
BISHAN,5 ROOM,1253,825000.0,6715.447154471544,Bishan,12362.668161434978,15010.116646027243,148352.01793721973,5.561097256857855,False
BISHAN,EXECUTIVE,437,990000.0,6597.222222222223,Bishan,12362.668161434978,15010.116646027243,148352.01793721973,6.673316708229426,False
BISHAN,MULTI-GENERATION,13,930000.0,5851.408284023669,Bishan,12362.668161434978,15010.116646027243,148352.01793721973,6.2688732713670365,True
BUKIT BATOK,2 ROOM,335,360000.0,7978.723404255319,Bukit Batok,8718.647764449292,11389.638614066316,104623.7731733915,3.440900562851782,False
BUKIT BATOK,3 ROOM,3014,350000.0,5073.529411764706,Bukit Batok,8718.647764449292,11389.638614066316,104623.7731733915,3.345319991661455,False
BUKIT BATOK,4 ROOM,4406,516000.0,5319.148936170212,Bukit Batok,8718.647764449292,11389.638614066316,104623.7731733915,4.931957473420888,False
BUKIT BATOK,5 ROOM,1832,720000.0,6100.089881869542,Bukit Batok,8718.647764449292,11389.638614066316,104623.7731733915,6.881801125703564,False
BUKIT BATOK,EXECUTIVE,766,729500.0,4989.861111111111,Bukit Batok,8718.647764449292,11389.638614066316,104623.7731733915,6.972602668334376,False
BUKIT MERAH,1 ROOM,88,212500.0,6854.838709677419,Bukit Merah,8490.42669584245,11368.140937466935,101885.12035010941,2.085682377071185,False
BUKIT MERAH,2 ROOM,286,268500.0,6010.2040816326535,Bukit Merah,8490.42669584245,11368.140937466935,101885.12035010941,2.6353210270287684,False
BUKIT MERAH,3 ROOM,3262,385000.0,5818.140068886338,Bukit Merah,8490.42669584245,11368.140937466935,101885.12035010941,3.778765718458383,False
BUKIT MERAH,4 ROOM,3611,765000.0,8193.548387096775,Bukit Merah,8490.42669584245,11368.140937466935,101885.12035010941,7.508456557456268,False
BUKIT MERAH,5 ROOM,1951,850000.0,7167.721739130435,Bukit Merah,8490.42669584245,11368.140937466935,101885.12035010941,8.34272950828474,False
BUKIT MERAH,EXECUTIVE,3,750000.0,4807.692307692308,Bukit Merah,8490.42669584245,11368.140937466935,101885.12035010941,7.361231919074772,True
BUKIT PANJANG,2 ROOM,159,289000.0,6170.212765957447,Bukit Panjang,8867.50788643533,11458.192998571138,106410.09463722397,2.715907743389067,False
BUKIT PANJANG,3 ROOM,1045,351000.0,5059.701492537313,Bukit Panjang,8867.50788643533,11458.192998571138,106410.09463722397,3.2985592315901817,False
BUKIT PANJANG,4 ROOM,3988,460000.0,4867.578307620383,Bukit Panjang,8867.50788643533,11458.192998571138,106410.09463722397,4.322898138266335,False
BUKIT PANJANG,5 ROOM,2515,575000.0,4938.053097345132,Bukit Panjang,8867.50788643533,11458.192998571138,106410.09463722397,5.403622672832919,False
BUKIT PANJANG,EXECUTIVE,877,700000.0,5068.493150684932,Bukit Panjang,8867.50788643533,11458.192998571138,106410.09463722397,6.5783232538835525,False
BUKIT TIMAH,3 ROOM,107,445000.0,6190.476190476191,Bukit Timah,,20894.833148745605,,,False
BUKIT TIMAH,4 ROOM,214,666500.0,6634.89010989011,Bukit Timah,,20894.833148745605,,,False
BUKIT TIMAH,5 ROOM,150,900000.0,7377.049180327869,Bukit Timah,,20894.833148745605,,,False
BUKIT TIMAH,EXECUTIVE,117,1038000.0,6986.301369863014,Bukit Timah,,20894.833148745605,,,False
CHOA CHU KANG,2 ROOM,104,290000.0,6170.212765957447,Choa Chu Kang,9556.058158319871,11615.440627333832,114672.69789983844,2.5289367505184384,False
CHOA CHU KANG,3 ROOM,719,370000.0,5294.117647058823,Choa Chu Kang,9556.058158319871,11615.440627333832,114672.69789983844,3.226574474799387,False
CHOA CHU KANG,4 ROOM,5265,470000.0,4731.182795698925,Choa Chu Kang,9556.058158319871,11615.440627333832,114672.69789983844,4.098621630150573,False
CHOA CHU KANG,5 ROOM,3687,550000.0,4634.1463414634145,Choa Chu Kang,9556.058158319871,11615.440627333832,114672.69789983844,4.7962593544315215,False
CHOA CHU KANG,EXECUTIVE,1077,635000.0,4395.055555555556,Choa Chu Kang,9556.058158319871,11615.440627333832,114672.69789983844,5.537499436480029,False
CLEMENTI,2 ROOM,52,338000.0,6935.2968460111315,Clementi,10053.601340033501,13082.147512491852,120643.21608040202,2.801649450183272,False
CLEMENTI,3 ROOM,2438,370000.0,5343.2835820895525,Clementi,10053.601340033501,13082.147512491852,120643.21608040202,3.0668943685438186,False
CLEMENTI,4 ROOM,1981,629888.0,6747.474747474747,Clementi,10053.601340033501,13082.147512491852,120643.21608040202,5.221080973008997,False
CLEMENTI,5 ROOM,699,800000.0,6694.9152542372885,Clementi,10053.601340033501,13082.147512491852,120643.21608040202,6.631122959013662,False
CLEMENTI,EXECUTIVE,164,876500.0,5836.021505376344,Clementi,10053.601340033501,13082.147512491852,120643.21608040202,7.265224091969342,False
GEYLANG,2 ROOM,192,235000.0,5367.460317460317,Geylang,7786.319612590799,10669.394855415501,93435.83535108958,2.515094975252015,False
GEYLANG,3 ROOM,2720,320000.0,5231.456043956044,Geylang,7786.319612590799,10669.394855415501,93435.83535108958,3.4248101790665735,False
GEYLANG,4 ROOM,2163,606000.0,6416.351648351649,Geylang,7786.319612590799,10669.394855415501,93435.83535108958,6.485734276607324,False
GEYLANG,5 ROOM,710,754000.0,6163.924882629108,Geylang,7786.319612590799,10669.394855415501,93435.83535108958,8.069708984425613,False
GEYLANG,EXECUTIVE,219,840000.0,5671.0526315789475,Geylang,7786.319612590799,10669.394855415501,93435.83535108958,8.990126720049755,False
HOUGANG,2 ROOM,230,358000.0,7839.234042553191,Hougang,8848.444658789487,11404.888978966806,106181.33590547385,3.3715906561837143,False
HOUGANG,3 ROOM,2576,368000.0,5405.405405405405,Hougang,8848.444658789487,11404.888978966806,106181.33590547385,3.46576916613298,False
HOUGANG,4 ROOM,5541,498888.0,5163.04347826087,Hougang,8848.444658789487,11404.888978966806,106181.33590547385,4.69845284715693,False
HOUGANG,5 ROOM,2620,625000.0,5181.818181818182,Hougang,8848.444658789487,11404.888978966806,106181.33590547385,5.886156871829111,False
HOUGANG,EXECUTIVE,1256,790000.0,5397.999821013065,Hougang,8848.444658789487,11404.888978966806,106181.33590547385,7.440102285991996,False
JURONG EAST,2 ROOM,96,267000.0,6055.17070757051,Jurong East,7906.272273699216,10445.463257394258,94875.2672843906,2.8142213207121927,False
JURONG EAST,3 ROOM,1712,349444.0,4883.333333333333,Jurong East,7906.272273699216,10445.463257394258,94875.2672843906,3.683193839681466,False
JURONG EAST,4 ROOM,1460,462000.0,4820.526315789473,Jurong East,7906.272273699216,10445.463257394258,94875.2672843906,4.869551498760423,False
JURONG EAST,5 ROOM,1161,600000.0,4900.0,Jurong East,7906.272273699216,10445.463257394258,94875.2672843906,6.324092855533017,False
JURONG EAST,EXECUTIVE,473,765000.0,5263.888888888889,Jurong East,7906.272273699216,10445.463257394258,94875.2672843906,8.063218390804597,False
JURONG WEST,2 ROOM,251,305000.0,6489.36170212766,Jurong West,8552.732298532852,10391.948397989738,102632.78758239423,2.971759875031594,False
JURONG WEST,3 ROOM,3066,315000.0,4732.338308457711,Jurong West,8552.732298532852,10391.948397989738,102632.78758239423,3.0691946250326296,False
JURONG WEST,4 ROOM,5945,450000.0,4588.235294117647,Jurong West,8552.732298532852,10391.948397989738,102632.78758239423,4.384563750046614,False
JURONG WEST,5 ROOM,4936,525000.0,4518.187830687831,Jurong West,8552.732298532852,10391.948397989738,102632.78758239423,5.115324375054383,False
JURONG WEST,EXECUTIVE,1632,632444.0,4511.103664673495,Jurong West,8552.732298532852,10391.948397989738,102632.78758239423,6.162202302965513,False
KALLANG/WHAMPOA,2 ROOM,112,270000.0,5657.586206896552,Kallang,8471.264367816091,11390.324074074075,101655.1724137931,2.6560379918588874,False
KALLANG/WHAMPOA,3 ROOM,3153,367777.0,5592.105263157895,Kallang,8471.264367816091,11390.324074074075,101655.1724137931,3.6178877204884667,False
KALLANG/WHAMPOA,4 ROOM,2749,705000.0,7594.33962264151,Kallang,8471.264367816091,11390.324074074075,101655.1724137931,6.935210312075984,False
KALLANG/WHAMPOA,5 ROOM,1214,800000.0,6727.272727272727,Kallang,8471.264367816091,11390.324074074075,101655.1724137931,7.869742198100408,False
KALLANG/WHAMPOA,EXECUTIVE,155,860000.0,5900.709219858156,Kallang,8471.264367816091,11390.324074074075,101655.1724137931,8.459972862957938,False
MARINE PARADE,2 ROOM,9,265000.0,6309.523809523809,Marine Parade,13020.408163265307,16063.138038171328,156244.89795918367,1.696055381400209,True
MARINE PARADE,3 ROOM,719,415000.0,6129.411764705882,Marine Parade,13020.408163265307,16063.138038171328,156244.89795918367,2.6560867293625914,False
MARINE PARADE,4 ROOM,358,534000.0,6193.181818181818,Marine Parade,13020.408163265307,16063.138038171328,156244.89795918367,3.4177115987460818,False
MARINE PARADE,5 ROOM,382,850000.0,7012.431693989071,Marine Parade,13020.408163265307,16063.138038171328,156244.89795918367,5.440177638453501,False
PASIR RIS,2 ROOM,65,345000.0,7234.04255319149,Pasir Ris,11313.94207167403,13628.993600506119,135767.30486008836,2.541112533356475,False
PASIR RIS,3 ROOM,183,410000.0,6029.411764705882,Pasir Ris,11313.94207167403,13628.993600506119,135767.30486008836,3.0198728657279847,False
PASIR RIS,4 ROOM,2765,510000.0,4951.923076923077,Pasir Ris,11313.94207167403,13628.993600506119,135767.30486008836,3.756427223222615,False
PASIR RIS,5 ROOM,2201,590000.0,4689.922480620155,Pasir Ris,11313.94207167403,13628.993600506119,135767.30486008836,4.34567070921832,False
PASIR RIS,EXECUTIVE,1799,730000.0,4965.034965034965,Pasir Ris,11313.94207167403,13628.993600506119,135767.30486008836,5.376846809710802,False
PUNGGOL,2 ROOM,576,340000.0,7404.255319148936,Punggol,9624.84076433121,11493.839533381464,115498.08917197451,2.9437716453797456,False
PUNGGOL,3 ROOM,1870,440000.0,6514.705882352941,Punggol,9624.84076433121,11493.839533381464,115498.08917197451,3.809586835197318,False
PUNGGOL,4 ROOM,9246,530000.0,5723.724105681553,Punggol,9624.84076433121,11493.839533381464,115498.08917197451,4.588820506033133,False
PUNGGOL,5 ROOM,5485,618000.0,5527.272727272727,Punggol,9624.84076433121,11493.839533381464,115498.08917197451,5.350737873072597,False
PUNGGOL,EXECUTIVE,322,605000.0,4722.21875,Punggol,9624.84076433121,11493.839533381464,115498.08917197451,5.238181898396312,False
QUEENSTOWN,2 ROOM,178,267500.0,5827.937095282146,Queenstown,9568.690095846645,12352.363549422775,114824.28115015975,2.329646633277685,False
QUEENSTOWN,3 ROOM,2901,378000.0,5815.384615384615,Queenstown,9568.690095846645,12352.363549422775,114824.28115015975,3.2919866444073453,False
QUEENSTOWN,4 ROOM,2637,815000.0,8967.583333333334,Queenstown,9568.690095846645,12352.363549422775,114824.28115015975,7.097801892042293,False
QUEENSTOWN,5 ROOM,849,908000.0,7818.181818181818,Queenstown,9568.690095846645,12352.363549422775,114824.28115015975,7.907735114079021,False
QUEENSTOWN,EXECUTIVE,64,1087500.0,7357.5952358445975,Queenstown,9568.690095846645,12352.363549422775,114824.28115015975,9.470993322203674,False
SEMBAWANG,2 ROOM,487,350000.0,7765.95744680851,Sembawang,8821.041214750543,10643.262130801688,105852.49457700652,3.3064879708184756,False
SEMBAWANG,3 ROOM,559,465000.0,6838.235294117647,Sembawang,8821.041214750543,10643.262130801688,105852.49457700652,4.392905446944546,False
SEMBAWANG,4 ROOM,3399,520000.0,5568.181818181818,Sembawang,8821.041214750543,10643.262130801688,105852.49457700652,4.91249641378745,False
SEMBAWANG,5 ROOM,2193,540000.0,4818.181818181818,Sembawang,8821.041214750543,10643.262130801688,105852.49457700652,5.101438583548505,False
SEMBAWANG,EXECUTIVE,750,555000.0,4174.538461538461,Sembawang,8821.041214750543,10643.262130801688,105852.49457700652,5.243145210869297,False
SENGKANG,2 ROOM,520,330000.0,7064.523589269195,Sengkang,9687.008784096162,11592.557691786209,116244.10540915394,2.838853624779268,False
SENGKANG,3 ROOM,1408,418000.0,6133.23090430202,Sengkang,9687.008784096162,11592.557691786209,116244.10540915394,3.5958812580537396,False
SENGKANG,4 ROOM,9752,505000.0,5444.434782608696,Sengkang,9687.008784096162,11592.557691786209,116244.10540915394,4.344306304586456,False
SENGKANG,5 ROOM,6654,570000.0,5045.663052543787,Sengkang,9687.008784096162,11592.557691786209,116244.10540915394,4.9034744428005546,False
SENGKANG,EXECUTIVE,1223,630000.0,4830.7692307692305,Sengkang,9687.008784096162,11592.557691786209,116244.10540915394,5.419629647305876,False
SERANGOON,2 ROOM,19,260000.0,5909.090909090909,Serangoon,11370.486656200941,14490.78369140625,136445.8398744113,1.9055179713746608,True
SERANGOON,3 ROOM,941,368888.0,5625.0,Serangoon,11370.486656200941,14490.78369140625,136445.8398744113,2.703548897786369,False
SERANGOON,4 ROOM,1878,527000.0,5698.924731182796,Serangoon,11370.486656200941,14490.78369140625,136445.8398744113,3.862338349670947,False
SERANGOON,5 ROOM,774,669000.0,5502.0,Serangoon,11370.486656200941,14490.78369140625,136445.8398744113,4.903044318652492,False
SERANGOON,EXECUTIVE,642,858000.0,5852.198581560284,Serangoon,11370.486656200941,14490.78369140625,136445.8398744113,6.28820930553638,False
TAMPINES,2 ROOM,109,320000.0,6914.893617021276,Tampines,9318.801089918255,11471.332784140017,111825.61307901907,2.861598440545809,False
TAMPINES,3 ROOM,3465,398000.0,5554.054054054054,Tampines,9318.801089918255,11471.332784140017,111825.61307901907,3.5591130604288503,False
TAMPINES,4 ROOM,6994,537500.0,5416.666666666667,Tampines,9318.801089918255,11471.332784140017,111825.61307901907,4.806591130604289,False
TAMPINES,5 ROOM,4525,650000.0,5245.901639344263,Tampines,9318.801089918255,11471.332784140017,111825.61307901907,5.8126218323586745,False
TAMPINES,EXECUTIVE,1675,780000.0,5281.69014084507,Tampines,9318.801089918255,11471.332784140017,111825.61307901907,6.9751461988304095,False
TAMPINES,MULTI-GENERATION,29,850000.0,5265.151515151515,Tampines,9318.801089918255,11471.332784140017,111825.61307901907,7.601120857699805,True
TOA PAYOH,2 ROOM,224,250000.0,5788.888888888889,Toa Payoh,8381.300403225807,11401.974879960937,100575.60483870968,2.4856922352186506,False
TOA PAYOH,3 ROOM,3465,333000.0,5000.0,Toa Payoh,8381.300403225807,11401.974879960937,100575.60483870968,3.3109420573112427,False
TOA PAYOH,4 ROOM,2682,720000.0,7623.762376237623,Toa Payoh,8381.300403225807,11401.974879960937,100575.60483870968,7.158793637429714,False
TOA PAYOH,5 ROOM,1423,855000.0,7230.507462686567,Toa Payoh,8381.300403225807,11401.974879960937,100575.60483870968,8.501067444447784,False
TOA PAYOH,EXECUTIVE,188,913000.0,6107.27969348659,Toa Payoh,8381.300403225807,11401.974879960937,100575.60483870968,9.077748043018511,False
WOODLANDS,2 ROOM,260,325000.0,7085.106382978724,Woodlands,8044.842562432139,9746.171921848634,96538.11074918567,3.3665460974720958,False
WOODLANDS,3 ROOM,2094,330000.0,4850.746268656716,Woodlands,8044.842562432139,9746.171921848634,96538.11074918567,3.418339114356282,False
WOODLANDS,4 ROOM,7797,445000.0,4619.565217391304,Woodlands,8044.842562432139,9746.171921848634,96538.11074918567,4.609578502692562,False
WOODLANDS,5 ROOM,5209,530000.0,4462.809917355372,Woodlands,8044.842562432139,9746.171921848634,96538.11074918567,5.490059789723726,False
WOODLANDS,EXECUTIVE,1853,729000.0,4689.265536723164,Woodlands,8044.842562432139,9746.171921848634,96538.11074918567,7.551421861714332,False
YISHUN,2 ROOM,392,321444.0,7052.304964539007,Yishun,7685.530085959886,9663.902047791802,92226.36103151862,3.4853809301892067,False
YISHUN,3 ROOM,4442,350000.0,5073.529411764706,Yishun,7685.530085959886,9663.902047791802,92226.36103151862,3.795010407928667,False
YISHUN,4 ROOM,7979,450000.0,4804.347826086957,Yishun,7685.530085959886,9663.902047791802,92226.36103151862,4.879299095908286,False
YISHUN,5 ROOM,2758,589444.0,4941.1598502507595,Yishun,7685.530085959886,9663.902047791802,92226.36103151862,6.391274613974586,False
YISHUN,EXECUTIVE,775,720000.0,4756.09756097561,Yishun,7685.530085959886,9663.902047791802,92226.36103151862,7.806878553453258,False
YISHUN,MULTI-GENERATION,48,831500.0,4740.8536585365855,Yishun,7685.530085959886,9663.902047791802,92226.36103151862,9.015860440550533,False
