planning_area,resident_households_total,households_employed,share_no_employed,estimated_median_household_income,median_in_open_band,median_lower_bound,estimated_mean_household_income_open25k,estimated_mean_household_income_open30k,estimated_mean_household_income_open40k,estimated_mean_household_income,pct_households_below_5k,pct_households_below_10k,pct_households_above_15k,pct_households_20k_plus
Ang Mo Kio,60220,48763.0,0.19021919628030554,7588.001514004542,False,7588.001514004542,9797.802637245453,10467.572749830815,11807.112975001539,10467.572749830815,0.34325205586202656,0.6158357771260997,0.22547833398273281,0.13395402251707236
Bedok,97551,80734.0,0.17240212811760003,9247.844827586207,False,9247.844827586207,11502.951049124285,12566.19577873015,14692.685237941883,12566.19577873015,0.283498897614388,0.5345827036936112,0.30412217900760524,0.21264894592117323
Bishan,29445,25033.0,0.14983868228901343,12362.668161434978,False,12362.668161434978,13632.734790077098,15010.116646027243,17764.880357927537,15010.116646027243,0.18519554188471218,0.4106179842607758,0.41181640234889944,0.27547637119002916
Bukit Batok,54297,48314.0,0.1101902499217268,8718.647764449292,False,8718.647764449292,10650.51537856522,11389.638614066316,12867.88508506851,11389.638614066316,0.2795256033447862,0.5650950035186488,0.25234921554828826,0.1478246471002194
Bukit Merah,59700,47255.0,0.20844221105527638,8490.42669584245,False,8490.42669584245,10543.466299862448,11368.140937466935,13017.490212675908,11368.140937466935,0.3332557401333192,0.5578245688286954,0.27463760448629776,0.16493492752089725
Bukit Panjang,43580,39192.0,0.10071133547498853,8867.50788643533,False,8867.50788643533,10767.235660338845,11458.192998571138,12840.107675035722,11458.192998571138,0.24977036129822414,0.5605991018575219,0.25234741784037557,0.13819146764645845
Bukit Timah,24612,20767.0,0.15626523647001464,,True,20000.0,18199.451052150045,20894.833148745605,26285.597341936726,20894.833148745605,0.09361005441325179,0.2251167718014157,0.6519478018009341,0.5390764193191121
Choa Chu Kang,58024,53560.0,0.0769164483661933,9556.058158319871,False,9556.058158319871,11000.429424943988,11615.440627333832,12845.463032113517,11615.440627333832,0.21771844660194176,0.5256534727408514,0.25369678864824496,0.12300224047796864
Clementi,33609,27618.0,0.1782260703978101,10053.601340033501,False,10053.601340033501,11987.752552683032,13082.147512491852,15270.937432109495,13082.147512491852,0.25110435223405025,0.4976826707219929,0.3305815048156999,0.21887899196176408
Downtown Core,1547,1372.0,0.11312217194570136,18071.428571428572,False,18071.428571428572,17010.20408163265,19313.4110787172,23919.8250728863,19313.4110787172,0.10714285714285714,0.2594752186588921,0.5860058309037901,0.4606413994169096
Geylang,42060,35066.0,0.1662149310508797,7786.319612590799,False,7786.319612590799,9964.153310899446,10669.394855415501,12079.877944447613,10669.394855415501,0.33533907488735526,0.6024068898648264,0.22888267837791593,0.1410483089032111
Hougang,75109,66609.0,0.11320880320600726,8848.444658789487,False,8848.444658789487,10682.013691843445,11404.888978966806,12850.63955321353,11404.888978966806,0.27430227146481706,0.5614556591451606,0.2504015973817352,0.14457505742467233
Jurong East,27213,22957.0,0.15639584022342262,7906.272273699216,False,7906.272273699216,9876.13799712506,10445.463257394258,11584.113777932656,10445.463257394258,0.2996471664416082,0.6057411682711156,0.21936664198283748,0.11386505205383979
Jurong West,83879,75811.0,0.09619809487476007,8552.732298532852,False,8552.732298532852,9934.890715067735,10391.948397989738,11306.063763833745,10391.948397989738,0.2614792048647294,0.5847700201817678,0.1979132315890834,0.09141153658440068
Kallang,40832,32400.0,0.20652919278996865,8471.264367816091,False,8471.264367816091,10544.49074074074,11390.324074074075,13081.99074074074,11390.324074074075,0.33447530864197533,0.5628086419753087,0.2705864197530864,0.16916666666666666
Marine Parade,17069,13518.0,0.2080965492999004,13020.408163265307,False,13020.408163265307,14295.49489569463,16063.138038171328,19598.424323124724,16063.138038171328,0.2222961976623761,0.4059772155644326,0.46064506583814174,0.35352862849533956
Novena,18281,15435.0,0.1557901646518243,11917.165668662674,False,11917.165668662674,13730.952380952382,15357.450599287335,18610.44703595724,15357.450599287335,0.22921930677032717,0.4351797862001944,0.42578555231616455,0.3252996436669906
Outram,8053,5860.0,0.27244505153358994,7034.04255319149,False,7034.04255319149,9529.90614334471,10270.5204778157,11751.749146757678,10270.5204778157,0.4061433447098976,0.6126279863481229,0.24078498293515357,0.14812286689419796
Pasir Ris,44799,41097.0,0.08263577311993571,11313.94207167403,False,11313.94207167403,12665.906270530695,13628.993600506119,15555.168260456967,13628.993600506119,0.1615689709711171,0.43144268438085503,0.3349879553252062,0.1926174659950848
Punggol,56166,52634.0,0.06286721504112809,9624.84076433121,False,9624.84076433121,10910.75635520766,11493.839533381464,12660.005889729073,11493.839533381464,0.22508264619827487,0.5223809704753581,0.24936352927765323,0.1166166356347608
Queenstown,37053,29278.0,0.20986154967209134,9568.690095846645,False,9568.690095846645,11410.359314160803,12352.363549422775,14236.372019946717,12352.363549422775,0.28984220233622515,0.5184438827788783,0.3131361431791789,0.1884008470523943
River Valley,3976,3403.0,0.1443661971830986,,True,20000.0,18310.90214516603,21043.78489568028,26509.550396708786,21043.78489568028,0.0993241257713782,0.22392007052600646,0.6617690273288275,0.5465765501028504
Sembawang,33049,30336.0,0.08218100396381131,8821.041214750543,False,8821.041214750543,10169.237869198312,10643.262130801688,11591.310654008439,10643.262130801688,0.2535930907172996,0.5706091772151899,0.20681698312236288,0.0948048523206751
Sengkang,79376,73754.0,0.07081485587583149,9687.008784096162,False,9687.008784096162,10994.962985058437,11592.557691786209,12787.74710524175,11592.557691786209,0.2207609078829623,0.5183583263280636,0.25562003416763834,0.11951894134555414
Serangoon,38086,32768.0,0.13963136060494669,11370.486656200941,False,11370.486656200941,13173.33984375,14490.78369140625,17125.67138671875,14490.78369140625,0.19677734375,0.444793701171875,0.38043212890625,0.26348876953125
Tampines,83681,74048.0,0.11509183685663413,9318.801089918255,False,9318.801089918255,10816.48727852204,11471.332784140017,12781.023795375972,11471.332784140017,0.2482713915298185,0.5371380726015558,0.2536327787381158,0.1309691011235955
Tanglin,7938,6726.0,0.15243134290753338,,True,20000.0,19118.309545049062,22074.74724947963,27987.622658340766,22074.74724947963,0.07701457032411538,0.19030627415997622,0.704133214391912,0.5912875408861136
Toa Payoh,46880,36863.0,0.21363054607508533,8381.300403225807,False,8381.300403225807,10575.26517103871,11401.974879960937,13055.394297805387,11401.974879960937,0.31885630578086427,0.5727694436155495,0.26875186501369935,0.1653419417844451
Woodlands,78839,71707.0,0.09047552607212167,8044.842562432139,False,8044.842562432139,9393.068319689848,9746.171921848634,10452.379126166205,9746.171921848634,0.2766954411703181,0.6247507216868646,0.1718800117143375,0.07062072043175702
Yishun,75403,66706.0,0.11535350052385183,7685.530085959886,False,7685.530085959886,9250.52094264384,9663.902047791802,10490.664258087729,9663.902047791802,0.3098821695199832,0.6295835457080322,0.17386741822324828,0.08267622102959254
Others,12233,10536.0,0.13880487206735878,12764.044943820225,False,12764.044943820225,14377.681283219437,16129.294798785118,19632.521829916477,16129.294798785118,0.19343204252088078,0.40783978739559607,0.4631738800303721,0.3503227031131359
