planning_area,pa_total,subzone_sum,n_subzones,n_subzone_missing,diff,diff_pct
Ang Mo Kio,162280.0,162270.0,12,1,10.0,0.0061621888094651215
Bedok,276990.0,276990.0,8,0,0.0,0.0
Bishan,87320.0,87320.0,3,0,0.0,0.0
Boon Lay,40.0,30.0,4,1,10.0,25.0
Bukit Batok,158030.0,158050.0,9,0,-20.0,-0.012655824843384168
Bukit Merah,151250.0,151270.0,17,0,-20.0,-0.013223140495867768
Bukit Panjang,138270.0,138280.0,7,0,-10.0,-0.0072322268026325295
Bukit Timah,77860.0,77850.0,8,0,10.0,0.012843565373747753
Central Water Catchment,,0.0,1,1,,
Changi,1850.0,1850.0,3,0,0.0,0.0
Changi Bay,,0.0,1,1,,
Choa Chu Kang,192070.0,192070.0,6,0,0.0,0.0
Clementi,91990.0,91990.0,9,0,0.0,0.0
Downtown Core,3190.0,3210.0,13,3,-20.0,-0.6269592476489028
Geylang,110110.0,110100.0,5,0,10.0,0.009081827263645445
Hougang,227560.0,227570.0,10,1,-10.0,-0.004394445420987871
Jurong East,78600.0,78600.0,11,2,0.0,0.0
Jurong West,262730.0,262730.0,9,2,0.0,0.0
Kallang,101290.0,101290.0,9,0,0.0,0.0
Lim Chu Kang,110.0,110.0,1,0,0.0,0.0
Mandai,2090.0,2090.0,3,2,0.0,0.0
Marina East,,0.0,1,1,,
Marina South,,0.0,1,1,,
Marine Parade,46220.0,46220.0,5,2,0.0,0.0
Museum,510.0,520.0,3,0,-10.0,-1.9607843137254901
Newton,8260.0,8270.0,6,0,-10.0,-0.12106537530266344
North-Eastern Islands,50.0,50.0,1,0,0.0,0.0
Novena,49330.0,49330.0,5,0,0.0,0.0
Orchard,920.0,920.0,3,0,0.0,0.0
Outram,18340.0,18330.0,4,0,10.0,0.05452562704471102
Pasir Ris,147110.0,147120.0,8,0,-10.0,-0.006797634423220719
Paya Lebar,40.0,40.0,5,3,0.0,0.0
Pioneer,80.0,70.0,5,1,10.0,12.5
Punggol,174450.0,174460.0,7,2,-10.0,-0.005732301519059902
Queenstown,95930.0,95960.0,15,0,-30.0,-0.03127280308558324
River Valley,10070.0,10070.0,5,0,0.0,0.0
Rochor,13120.0,13120.0,10,1,0.0,0.0
Seletar,300.0,300.0,4,2,0.0,0.0
Sembawang,102640.0,102640.0,9,1,0.0,0.0
Sengkang,249370.0,249380.0,7,1,-10.0,-0.004010105465773749
Serangoon,116900.0,116900.0,7,0,0.0,0.0
Simpang,,0.0,4,4,,
Singapore River,3260.0,3270.0,3,0,-10.0,-0.3067484662576687
Southern Islands,1940.0,1940.0,2,1,0.0,0.0
Straits View,,0.0,1,1,,
Sungei Kadut,750.0,750.0,5,0,0.0,0.0
Tampines,259900.0,259900.0,5,0,0.0,0.0
Tanglin,21810.0,21810.0,4,0,0.0,0.0
Tengah,10.0,10.0,6,5,0.0,0.0
Toa Payoh,121850.0,121840.0,12,1,10.0,0.008206811653672548
Tuas,70.0,70.0,6,1,0.0,0.0
Western Islands,10.0,10.0,3,2,0.0,0.0
Western Water Catchment,640.0,640.0,3,2,0.0,0.0
Woodlands,255130.0,255120.0,9,0,10.0,0.003919570415082507
Yishun,221610.0,221610.0,9,0,0.0,0.0
