town,n,median_price,median_area,median_psm
ANG MO KIO,9745,420000.0,82.0,5294.0
YISHUN,16394,435000.0,92.0,4925.0
BEDOK,12620,438000.0,88.0,5178.0
JURONG EAST,4902,450000.0,93.0,4931.0
GEYLANG,6004,460000.0,84.0,5668.0
JURONG WEST,15830,463000.0,104.0,4595.0
WOODLANDS,17213,470000.0,102.0,4644.0
BUKIT PANJANG,8584,488000.0,103.0,4932.0
BUKIT BATOK,10353,488000.0,93.0,5355.0
MARINE PARADE,1468,495000.0,82.0,6344.0
CHOA CHU KANG,10852,495000.0,106.0,4719.0
CLEMENTI,5334,500000.0,82.0,5800.0
HOUGANG,12223,500000.0,100.0,5265.0
SEMBAWANG,7388,507000.0,94.0,5308.0
TOA PAYOH,7982,520000.0,82.0,5810.0
SENGKANG,19557,526000.0,94.0,5320.0
PUNGGOL,17499,535000.0,93.0,5752.0
SERANGOON,4254,538000.0,100.0,5655.0
TAMPINES,16797,555000.0,104.0,5400.0
KALLANG/WHAMPOA,7383,575000.0,89.0,6287.0
CENTRAL AREA,1880,577000.0,82.0,7711.0
PASIR RIS,7013,582000.0,122.0,4919.0
BUKIT MERAH,9201,665000.0,90.0,6989.0
QUEENSTOWN,6629,678000.0,83.0,7544.0
BISHAN,4227,700000.0,105.0,6439.0
BUKIT TIMAH,588,792500.0,104.0,6792.0
