town,flat_type,transaction_count,median_price,median_price_per_sqm,low_sample
ANG MO KIO,2 ROOM,185,270000.0,6068.0,False
ANG MO KIO,3 ROOM,5144,350000.0,4925.0,False
ANG MO KIO,4 ROOM,2824,516844.0,5549.0,False
ANG MO KIO,5 ROOM,1455,745000.0,6207.0,False
ANG MO KIO,EXECUTIVE,137,920000.0,5939.0,False
BEDOK,2 ROOM,175,260000.0,5778.0,False
BEDOK,3 ROOM,5148,340000.0,4971.0,False
BEDOK,4 ROOM,4404,490000.0,5244.0,False
BEDOK,5 ROOM,2268,640000.0,5304.0,False
BEDOK,EXECUTIVE,625,828000.0,5616.0,False
BISHAN,3 ROOM,490,415000.0,6388.0,False
BISHAN,4 ROOM,2034,618000.0,6265.0,False
BISHAN,5 ROOM,1253,825000.0,6715.0,False
BISHAN,EXECUTIVE,437,990000.0,6597.0,False
BISHAN,MULTI-GENERATION,13,930000.0,5851.0,True
BUKIT BATOK,2 ROOM,335,360000.0,7979.0,False
BUKIT BATOK,3 ROOM,3014,350000.0,5074.0,False
BUKIT BATOK,4 ROOM,4406,516000.0,5319.0,False
BUKIT BATOK,5 ROOM,1832,720000.0,6100.0,False
BUKIT BATOK,EXECUTIVE,766,729500.0,4990.0,False
BUKIT MERAH,1 ROOM,88,212500.0,6855.0,False
BUKIT MERAH,2 ROOM,286,268500.0,6010.0,False
BUKIT MERAH,3 ROOM,3262,385000.0,5818.0,False
BUKIT MERAH,4 ROOM,3611,765000.0,8194.0,False
BUKIT MERAH,5 ROOM,1951,850000.0,7168.0,False
BUKIT MERAH,EXECUTIVE,3,750000.0,4808.0,True
BUKIT PANJANG,2 ROOM,159,289000.0,6170.0,False
BUKIT PANJANG,3 ROOM,1045,351000.0,5060.0,False
BUKIT PANJANG,4 ROOM,3988,460000.0,4868.0,False
BUKIT PANJANG,5 ROOM,2515,575000.0,4938.0,False
BUKIT PANJANG,EXECUTIVE,877,700000.0,5068.0,False
BUKIT TIMAH,3 ROOM,107,445000.0,6190.0,False
BUKIT TIMAH,4 ROOM,214,666500.0,6635.0,False
BUKIT TIMAH,5 ROOM,150,900000.0,7377.0,False
BUKIT TIMAH,EXECUTIVE,117,1038000.0,6986.0,False
CENTRAL AREA,2 ROOM,76,288000.0,5434.0,False
CENTRAL AREA,3 ROOM,766,448000.0,7018.0,False
CENTRAL AREA,4 ROOM,761,840000.0,9263.0,False
CENTRAL AREA,5 ROOM,275,1068000.0,9905.0,False
CENTRAL AREA,EXECUTIVE,2,1034000.0,7135.0,True
CHOA CHU KANG,2 ROOM,104,290000.0,6170.0,False
CHOA CHU KANG,3 ROOM,719,370000.0,5294.0,False
CHOA CHU KANG,4 ROOM,5265,470000.0,4731.0,False
CHOA CHU KANG,5 ROOM,3687,550000.0,4634.0,False
CHOA CHU KANG,EXECUTIVE,1077,635000.0,4395.0,False
CLEMENTI,2 ROOM,52,338000.0,6935.0,False
CLEMENTI,3 ROOM,2438,370000.0,5343.0,False
CLEMENTI,4 ROOM,1981,629888.0,6747.0,False
CLEMENTI,5 ROOM,699,800000.0,6695.0,False
CLEMENTI,EXECUTIVE,164,876500.0,5836.0,False
GEYLANG,2 ROOM,192,235000.0,5367.0,False
GEYLANG,3 ROOM,2720,320000.0,5231.0,False
GEYLANG,4 ROOM,2163,606000.0,6416.0,False
GEYLANG,5 ROOM,710,754000.0,6164.0,False
GEYLANG,EXECUTIVE,219,840000.0,5671.0,False
HOUGANG,2 ROOM,230,358000.0,7839.0,False
HOUGANG,3 ROOM,2576,368000.0,5405.0,False
HOUGANG,4 ROOM,5541,498888.0,5163.0,False
HOUGANG,5 ROOM,2620,625000.0,5182.0,False
HOUGANG,EXECUTIVE,1256,790000.0,5398.0,False
JURONG EAST,2 ROOM,96,267000.0,6055.0,False
JURONG EAST,3 ROOM,1712,349444.0,4883.0,False
JURONG EAST,4 ROOM,1460,462000.0,4821.0,False
JURONG EAST,5 ROOM,1161,600000.0,4900.0,False
JURONG EAST,EXECUTIVE,473,765000.0,5264.0,False
JURONG WEST,2 ROOM,251,305000.0,6489.0,False
JURONG WEST,3 ROOM,3066,315000.0,4732.0,False
JURONG WEST,4 ROOM,5945,450000.0,4588.0,False
JURONG WEST,5 ROOM,4936,525000.0,4518.0,False
JURONG WEST,EXECUTIVE,1632,632444.0,4511.0,False
KALLANG/WHAMPOA,2 ROOM,112,270000.0,5658.0,False
KALLANG/WHAMPOA,3 ROOM,3153,367777.0,5592.0,False
KALLANG/WHAMPOA,4 ROOM,2749,705000.0,7594.0,False
KALLANG/WHAMPOA,5 ROOM,1214,800000.0,6727.0,False
KALLANG/WHAMPOA,EXECUTIVE,155,860000.0,5901.0,False
MARINE PARADE,2 ROOM,9,265000.0,6310.0,True
MARINE PARADE,3 ROOM,719,415000.0,6129.0,False
MARINE PARADE,4 ROOM,358,534000.0,6193.0,False
MARINE PARADE,5 ROOM,382,850000.0,7012.0,False
PASIR RIS,2 ROOM,65,345000.0,7234.0,False
PASIR RIS,3 ROOM,183,410000.0,6029.0,False
PASIR RIS,4 ROOM,2765,510000.0,4952.0,False
PASIR RIS,5 ROOM,2201,590000.0,4690.0,False
PASIR RIS,EXECUTIVE,1799,730000.0,4965.0,False
PUNGGOL,2 ROOM,576,340000.0,7404.0,False
PUNGGOL,3 ROOM,1870,440000.0,6515.0,False
PUNGGOL,4 ROOM,9246,530000.0,5724.0,False
PUNGGOL,5 ROOM,5485,618000.0,5527.0,False
PUNGGOL,EXECUTIVE,322,605000.0,4722.0,False
QUEENSTOWN,2 ROOM,178,267500.0,5828.0,False
QUEENSTOWN,3 ROOM,2901,378000.0,5815.0,False
QUEENSTOWN,4 ROOM,2637,815000.0,8968.0,False
QUEENSTOWN,5 ROOM,849,908000.0,7818.0,False
QUEENSTOWN,EXECUTIVE,64,1087500.0,7358.0,False
SEMBAWANG,2 ROOM,487,350000.0,7766.0,False
SEMBAWANG,3 ROOM,559,465000.0,6838.0,False
SEMBAWANG,4 ROOM,3399,520000.0,5568.0,False
SEMBAWANG,5 ROOM,2193,540000.0,4818.0,False
SEMBAWANG,EXECUTIVE,750,555000.0,4175.0,False
SENGKANG,2 ROOM,520,330000.0,7065.0,False
SENGKANG,3 ROOM,1408,418000.0,6133.0,False
SENGKANG,4 ROOM,9752,505000.0,5444.0,False
SENGKANG,5 ROOM,6654,570000.0,5046.0,False
SENGKANG,EXECUTIVE,1223,630000.0,4831.0,False
SERANGOON,2 ROOM,19,260000.0,5909.0,True
SERANGOON,3 ROOM,941,368888.0,5625.0,False
SERANGOON,4 ROOM,1878,527000.0,5699.0,False
SERANGOON,5 ROOM,774,669000.0,5502.0,False
SERANGOON,EXECUTIVE,642,858000.0,5852.0,False
TAMPINES,2 ROOM,109,320000.0,6915.0,False
TAMPINES,3 ROOM,3465,398000.0,5554.0,False
TAMPINES,4 ROOM,6994,537500.0,5417.0,False
TAMPINES,5 ROOM,4525,650000.0,5246.0,False
TAMPINES,EXECUTIVE,1675,780000.0,5282.0,False
TAMPINES,MULTI-GENERATION,29,850000.0,5265.0,True
TOA PAYOH,2 ROOM,224,250000.0,5789.0,False
TOA PAYOH,3 ROOM,3465,333000.0,5000.0,False
TOA PAYOH,4 ROOM,2682,720000.0,7624.0,False
TOA PAYOH,5 ROOM,1423,855000.0,7231.0,False
TOA PAYOH,EXECUTIVE,188,913000.0,6107.0,False
WOODLANDS,2 ROOM,260,325000.0,7085.0,False
WOODLANDS,3 ROOM,2094,330000.0,4851.0,False
WOODLANDS,4 ROOM,7797,445000.0,4620.0,False
WOODLANDS,5 ROOM,5209,530000.0,4463.0,False
WOODLANDS,EXECUTIVE,1853,729000.0,4689.0,False
YISHUN,2 ROOM,392,321444.0,7052.0,False
YISHUN,3 ROOM,4442,350000.0,5074.0,False
YISHUN,4 ROOM,7979,450000.0,4804.0,False
YISHUN,5 ROOM,2758,589444.0,4941.0,False
YISHUN,EXECUTIVE,775,720000.0,4756.0,False
YISHUN,MULTI-GENERATION,48,831500.0,4741.0,False
