planning_area,population_total,male_share,female_share,chinese_share,malay_share,indian_share,others_share,resident_households_total,households_employed,share_no_employed,estimated_median_household_income,median_in_open_band,median_lower_bound,estimated_mean_household_income_open25k,estimated_mean_household_income_open30k,estimated_mean_household_income_open40k,estimated_mean_household_income,pct_households_below_5k,pct_households_below_10k,pct_households_above_15k,pct_households_20k_plus
Ang Mo Kio,162280.0,0.4780009859502095,0.5219373921616959,0.8278900665516391,0.06864678333744145,0.07893763864924822,0.024463889573576536,60220.0,48763.0,0.19021919628030554,7588.001514004542,False,7588.001514004542,9797.802637245453,10467.572749830815,11807.112975001539,10467.572749830815,0.34325205586202656,0.6158357771260997,0.22547833398273281,0.13395402251707236
Bedok,276990.0,0.4845301274414239,0.5155059749449439,0.7284739521282356,0.1418823784252139,0.08827033466912163,0.041409437163796525,97551.0,80734.0,0.17240212811760003,9247.844827586207,False,9247.844827586207,11502.951049124285,12566.19577873015,14692.685237941883,12566.19577873015,0.283498897614388,0.5345827036936112,0.30412217900760524,0.21264894592117323
Bishan,87320.0,0.4839670178653229,0.5160329821346771,0.8593678424186899,0.03653229500687128,0.07432432432432433,0.029661016949152543,29445.0,25033.0,0.14983868228901343,12362.668161434978,False,12362.668161434978,13632.734790077098,15010.116646027243,17764.880357927537,15010.116646027243,0.18519554188471218,0.4106179842607758,0.41181640234889944,0.27547637119002916
Boon Lay,40.0,,,,,,,,,,,,,,,,,,,,
Bukit Batok,158030.0,0.49028665443270264,0.5097133455672973,0.7179649433651838,0.1597165095235082,0.09460229070429665,0.027716256407011326,54297.0,48314.0,0.1101902499217268,8718.647764449292,False,8718.647764449292,10650.51537856522,11389.638614066316,12867.88508506851,11389.638614066316,0.2795256033447862,0.5650950035186488,0.25234921554828826,0.1478246471002194
Bukit Merah,151250.0,0.4808595041322314,0.5191404958677686,0.7988760330578513,0.0755702479338843,0.0924297520661157,0.03312396694214876,59700.0,47255.0,0.20844221105527638,8490.42669584245,False,8490.42669584245,10543.466299862448,11368.140937466935,13017.490212675908,11368.140937466935,0.3332557401333192,0.5578245688286954,0.27463760448629776,0.16493492752089725
Bukit Panjang,138270.0,0.492876256599407,0.5071237434005931,0.7434729153106241,0.1568669993490996,0.07478122513922036,0.02495118246908223,43580.0,39192.0,0.10071133547498853,8867.50788643533,False,8867.50788643533,10767.235660338845,11458.192998571138,12840.107675035722,11458.192998571138,0.24977036129822414,0.5605991018575219,0.25234741784037557,0.13819146764645845
Bukit Timah,77860.0,0.46211148214744413,0.5378885178525559,0.8656563061905985,0.008219881839198561,0.04931929103519137,0.07680452093501156,24612.0,20767.0,0.15626523647001464,,True,20000.0,18199.451052150045,20894.833148745605,26285.597341936726,20894.833148745605,0.09361005441325179,0.2251167718014157,0.6519478018009341,0.5390764193191121
Central Water Catchment,,,,,,,,,,,,,,,,,,,,,
Changi,1850.0,0.518918918918919,0.4810810810810811,0.44324324324324327,0.33513513513513515,0.17297297297297298,0.04864864864864865,,,,,,,,,,,,,,
Changi Bay,,,,,,,,,,,,,,,,,,,,,
Choa Chu Kang,192070.0,0.4982037798719217,0.5017962201280783,0.6951632217420732,0.18482844796168063,0.09381996147237986,0.026136304472327797,58024.0,53560.0,0.0769164483661933,9556.058158319871,False,9556.058158319871,11000.429424943988,11615.440627333832,12845.463032113517,11615.440627333832,0.21771844660194176,0.5256534727408514,0.25369678864824496,0.12300224047796864
Clementi,91990.0,0.474290683769975,0.525709316230025,0.8004130883791717,0.08990107620393521,0.07576910533753668,0.03391673007935645,33609.0,27618.0,0.1782260703978101,10053.601340033501,False,10053.601340033501,11987.752552683032,13082.147512491852,15270.937432109495,13082.147512491852,0.25110435223405025,0.4976826707219929,0.3305815048156999,0.21887899196176408
Downtown Core,3190.0,0.49843260188087773,0.5015673981191222,0.7836990595611285,0.009404388714733543,0.06269592476489028,0.14420062695924765,1547.0,1372.0,0.11312217194570136,18071.428571428572,False,18071.428571428572,17010.20408163265,19313.4110787172,23919.8250728863,19313.4110787172,0.10714285714285714,0.2594752186588921,0.5860058309037901,0.4606413994169096
Geylang,110110.0,0.49277994732540187,0.5073108709472346,0.7761329579511398,0.1132503859776587,0.07846698755789665,0.03224048678594133,42060.0,35066.0,0.1662149310508797,7786.319612590799,False,7786.319612590799,9964.153310899446,10669.394855415501,12079.877944447613,10669.394855415501,0.33533907488735526,0.6024068898648264,0.22888267837791593,0.1410483089032111
Hougang,227560.0,0.4899367199859378,0.5100632800140622,0.8121374582527685,0.08243979609773247,0.08222007382668307,0.02324661627702584,75109.0,66609.0,0.11320880320600726,8848.444658789487,False,8848.444658789487,10682.013691843445,11404.888978966806,12850.63955321353,11404.888978966806,0.27430227146481706,0.5614556591451606,0.2504015973817352,0.14457505742467233
Jurong East,78600.0,0.49529262086514,0.5047073791348601,0.7053435114503817,0.16157760814249364,0.10954198473282442,0.023536895674300253,27213.0,22957.0,0.15639584022342262,7906.272273699216,False,7906.272273699216,9876.13799712506,10445.463257394258,11584.113777932656,10445.463257394258,0.2996471664416082,0.6057411682711156,0.21936664198283748,0.11386505205383979
Jurong West,262730.0,0.502036311041754,0.49800175084687703,0.6987782133749476,0.17706390591101132,0.10033113843108896,0.02382674228295208,83879.0,75811.0,0.09619809487476007,8552.732298532852,False,8552.732298532852,9934.890715067735,10391.948397989738,11306.063763833745,10391.948397989738,0.2614792048647294,0.5847700201817678,0.1979132315890834,0.09141153658440068
Kallang,101290.0,0.4940270510415638,0.5060716753875012,0.7602922302300326,0.0691085003455425,0.1432520485734031,0.02744594728008688,40832.0,32400.0,0.20652919278996865,8471.264367816091,False,8471.264367816091,10544.49074074074,11390.324074074075,13081.99074074074,11390.324074074075,0.33447530864197533,0.5628086419753087,0.2705864197530864,0.16916666666666666
Lim Chu Kang,110.0,0.5454545454545454,0.45454545454545453,0.9090909090909091,,,,,,,,,,,,,,,,,
Mandai,2090.0,0.47368421052631576,0.5263157894736842,0.7894736842105263,0.05263157894736842,0.1291866028708134,0.028708133971291867,,,,,,,,,,,,,,
Marina East,,,,,,,,,,,,,,,,,,,,,
Marina South,,,,,,,,,,,,,,,,,,,,,
Marine Parade,46220.0,0.4694937256598875,0.5305062743401125,0.7583297273907399,0.06750324534833406,0.11921246213760277,0.054738208567719604,17069.0,13518.0,0.2080965492999004,13020.408163265307,False,13020.408163265307,14295.49489569463,16063.138038171328,19598.424323124724,16063.138038171328,0.2222961976623761,0.4059772155644326,0.46064506583814174,0.35352862849533956
Museum,510.0,0.5098039215686274,0.49019607843137253,0.7058823529411765,,0.0784313725490196,0.21568627450980393,,,,,,,,,,,,,,
Newton,8260.0,0.4782082324455206,0.5217917675544794,0.7397094430992736,0.007263922518159807,0.09079903147699758,0.162227602905569,,,,,,,,,,,,,,
North-Eastern Islands,50.0,,,,,,,,,,,,,,,,,,,,
Novena,49330.0,0.4851003446178796,0.5148996553821205,0.8254611798094466,0.03506993715791608,0.08392458949929049,0.05554429353334685,18281.0,15435.0,0.1557901646518243,11917.165668662674,False,11917.165668662674,13730.952380952382,15357.450599287335,18610.44703595724,15357.450599287335,0.22921930677032717,0.4351797862001944,0.42578555231616455,0.3252996436669906
Orchard,920.0,0.4673913043478261,0.532608695652174,0.6847826086956522,0.021739130434782608,0.08695652173913043,0.21739130434782608,,,,,,,,,,,,,,
Others,,,,,,,,12233.0,10536.0,0.13880487206735878,12764.044943820225,False,12764.044943820225,14377.681283219437,16129.294798785118,19632.521829916477,16129.294798785118,0.19343204252088078,0.40783978739559607,0.4631738800303721,0.3503227031131359
Outram,18340.0,0.5021810250817884,0.49781897491821153,0.8129770992366412,0.08996728462377317,0.0703380588876772,0.026172300981461286,8053.0,5860.0,0.27244505153358994,7034.04255319149,False,7034.04255319149,9529.90614334471,10270.5204778157,11751.749146757678,10270.5204778157,0.4061433447098976,0.6126279863481229,0.24078498293515357,0.14812286689419796
Pasir Ris,147110.0,0.49310040106043096,0.506899598939569,0.6715383046699749,0.19964652300999253,0.08918496363265584,0.039698185031609,44799.0,41097.0,0.08263577311993571,11313.94207167403,False,11313.94207167403,12665.906270530695,13628.993600506119,15555.168260456967,13628.993600506119,0.1615689709711171,0.43144268438085503,0.3349879553252062,0.1926174659950848
Paya Lebar,40.0,,,,,,,,,,,,,,,,,,,,
Pioneer,80.0,,,,,,,,,,,,,,,,,,,,
Punggol,174450.0,0.49263399254800805,0.5074233304671826,0.7563198624247636,0.14932645457151048,0.06987675551734021,0.024476927486385785,56166.0,52634.0,0.06286721504112809,9624.84076433121,False,9624.84076433121,10910.75635520766,11493.839533381464,12660.005889729073,11493.839533381464,0.22508264619827487,0.5223809704753581,0.24936352927765323,0.1166166356347608
Queenstown,95930.0,0.4703429584071719,0.5297612842697801,0.8153862191181069,0.07234441780464923,0.07359532992807255,0.03867403314917127,37053.0,29278.0,0.20986154967209134,9568.690095846645,False,9568.690095846645,11410.359314160803,12352.363549422775,14236.372019946717,12352.363549422775,0.28984220233622515,0.5184438827788783,0.3131361431791789,0.1884008470523943
River Valley,10070.0,0.45878848063555117,0.5412115193644489,0.6971201588877854,0.00893743793445879,0.14895729890764647,0.14498510427010924,3976.0,3403.0,0.1443661971830986,,True,20000.0,18310.90214516603,21043.78489568028,26509.550396708786,21043.78489568028,0.0993241257713782,0.22392007052600646,0.6617690273288275,0.5465765501028504
Rochor,13120.0,0.49771341463414637,0.5022865853658537,0.7362804878048781,0.04573170731707317,0.18216463414634146,0.036585365853658534,,,,,,,,,,,,,,
Seletar,300.0,0.4666666666666667,0.5333333333333333,0.6333333333333333,0.03333333333333333,0.1,0.23333333333333334,,,,,,,,,,,,,,
Sembawang,102640.0,0.4940568978955573,0.5059431021044427,0.7103468433359315,0.16250974279033514,0.09119251753702261,0.03585346843335931,33049.0,30336.0,0.08218100396381131,8821.041214750543,False,8821.041214750543,10169.237869198312,10643.262130801688,11591.310654008439,10643.262130801688,0.2535930907172996,0.5706091772151899,0.20681698312236288,0.0948048523206751
Sengkang,249370.0,0.4911577174479689,0.5088422825520311,0.7734290411837831,0.11452861210249829,0.08697918755263263,0.0250230581064282,79376.0,73754.0,0.07081485587583149,9687.008784096162,False,9687.008784096162,10994.962985058437,11592.557691786209,12787.74710524175,11592.557691786209,0.2207609078829623,0.5183583263280636,0.25562003416763834,0.11951894134555414
Serangoon,116900.0,0.4822070145423439,0.5177929854576561,0.8449101796407186,0.041573994867408044,0.08768177929854576,0.02583404619332763,38086.0,32768.0,0.13963136060494669,11370.486656200941,False,11370.486656200941,13173.33984375,14490.78369140625,17125.67138671875,14490.78369140625,0.19677734375,0.444793701171875,0.38043212890625,0.26348876953125
Simpang,,,,,,,,,,,,,,,,,,,,,
Singapore River,3260.0,0.4723926380368098,0.5306748466257669,0.7055214723926381,0.006134969325153374,0.09202453987730061,0.19631901840490798,,,,,,,,,,,,,,
Southern Islands,1940.0,0.4742268041237113,0.5257731958762887,0.520618556701031,0.015463917525773196,0.10309278350515463,0.36082474226804123,,,,,,,,,,,,,,
Straits View,,,,,,,,,,,,,,,,,,,,,
Sungei Kadut,750.0,0.5066666666666667,0.49333333333333335,0.8533333333333334,,0.12,0.02666666666666667,,,,,,,,,,,,,,
Tampines,259900.0,0.4886494805694498,0.5113505194305502,0.6681800692574067,0.21766063870719507,0.0834936514043863,0.030665640631011928,83681.0,74048.0,0.11509183685663413,9318.801089918255,False,9318.801089918255,10816.48727852204,11471.332784140017,12781.023795375972,11471.332784140017,0.2482713915298185,0.5371380726015558,0.2536327787381158,0.1309691011235955
Tanglin,21810.0,0.4630903255387437,0.5364511691884457,0.745988078862907,0.011004126547455296,0.1008711600183402,0.14167812929848694,7938.0,6726.0,0.15243134290753338,,True,20000.0,19118.309545049062,22074.74724947963,27987.622658340766,22074.74724947963,0.07701457032411538,0.19030627415997622,0.704133214391912,0.5912875408861136
Tengah,10.0,,,,,,,,,,,,,,,,,,,,
Toa Payoh,121850.0,0.4750923266311038,0.5249076733688962,0.8315141567501025,0.06901928600738613,0.07049651210504719,0.028970045137464095,46880.0,36863.0,0.21363054607508533,8381.300403225807,False,8381.300403225807,10575.26517103871,11401.974879960937,13055.394297805387,11401.974879960937,0.31885630578086427,0.5727694436155495,0.26875186501369935,0.1653419417844451
Tuas,70.0,,,,,,,,,,,,,,,,,,,,
Western Islands,10.0,,,,,,,,,,,,,,,,,,,,
Western Water Catchment,640.0,0.453125,0.546875,0.796875,,0.109375,0.09375,,,,,,,,,,,,,,
Woodlands,255130.0,0.50166581742641,0.49837337827774075,0.6089444596872183,0.25665347077960254,0.11068866852193,0.023752596715399994,78839.0,71707.0,0.09047552607212167,8044.842562432139,False,8044.842562432139,9393.068319689848,9746.171921848634,10452.379126166205,9746.171921848634,0.2766954411703181,0.6247507216868646,0.1718800117143375,0.07062072043175702
Yishun,221610.0,0.4939759036144578,0.5060240963855421,0.6911240467487929,0.1822571183610848,0.09904787690086188,0.027570957989260413,75403.0,66706.0,0.11535350052385183,7685.530085959886,False,7685.530085959886,9250.52094264384,9663.902047791802,10490.664258087729,9663.902047791802,0.3098821695199832,0.6295835457080322,0.17386741822324828,0.08267622102959254
