planning_area,population_total,male_share,female_share,chinese_share,malay_share,indian_share,others_share
Ang Mo Kio,162280.0,0.4780009859502095,0.5219373921616959,0.8278900665516391,0.06864678333744145,0.07893763864924822,0.024463889573576536
Bedok,276990.0,0.4845301274414239,0.5155059749449439,0.7284739521282356,0.1418823784252139,0.08827033466912163,0.041409437163796525
Bishan,87320.0,0.4839670178653229,0.5160329821346771,0.8593678424186899,0.03653229500687128,0.07432432432432433,0.029661016949152543
Boon Lay,40.0,,,,,,
Bukit Batok,158030.0,0.49028665443270264,0.5097133455672973,0.7179649433651838,0.1597165095235082,0.09460229070429665,0.027716256407011326
Bukit Merah,151250.0,0.4808595041322314,0.5191404958677686,0.7988760330578513,0.0755702479338843,0.0924297520661157,0.03312396694214876
Bukit Panjang,138270.0,0.492876256599407,0.5071237434005931,0.7434729153106241,0.1568669993490996,0.07478122513922036,0.02495118246908223
Bukit Timah,77860.0,0.46211148214744413,0.5378885178525559,0.8656563061905985,0.008219881839198561,0.04931929103519137,0.07680452093501156
Central Water Catchment,,,,,,,
Changi,1850.0,0.518918918918919,0.4810810810810811,0.44324324324324327,0.33513513513513515,0.17297297297297298,0.04864864864864865
Changi Bay,,,,,,,
Choa Chu Kang,192070.0,0.4982037798719217,0.5017962201280783,0.6951632217420732,0.18482844796168063,0.09381996147237986,0.026136304472327797
Clementi,91990.0,0.474290683769975,0.525709316230025,0.8004130883791717,0.08990107620393521,0.07576910533753668,0.03391673007935645
Downtown Core,3190.0,0.49843260188087773,0.5015673981191222,0.7836990595611285,0.009404388714733543,0.06269592476489028,0.14420062695924765
Geylang,110110.0,0.49277994732540187,0.5073108709472346,0.7761329579511398,0.1132503859776587,0.07846698755789665,0.03224048678594133
Hougang,227560.0,0.4899367199859378,0.5100632800140622,0.8121374582527685,0.08243979609773247,0.08222007382668307,0.02324661627702584
Jurong East,78600.0,0.49529262086514,0.5047073791348601,0.7053435114503817,0.16157760814249364,0.10954198473282442,0.023536895674300253
Jurong West,262730.0,0.502036311041754,0.49800175084687703,0.6987782133749476,0.17706390591101132,0.10033113843108896,0.02382674228295208
Kallang,101290.0,0.4940270510415638,0.5060716753875012,0.7602922302300326,0.0691085003455425,0.1432520485734031,0.02744594728008688
Lim Chu Kang,110.0,0.5454545454545454,0.45454545454545453,0.9090909090909091,,,
Mandai,2090.0,0.47368421052631576,0.5263157894736842,0.7894736842105263,0.05263157894736842,0.1291866028708134,0.028708133971291867
Marina East,,,,,,,
Marina South,,,,,,,
Marine Parade,46220.0,0.4694937256598875,0.5305062743401125,0.7583297273907399,0.06750324534833406,0.11921246213760277,0.054738208567719604
Museum,510.0,0.5098039215686274,0.49019607843137253,0.7058823529411765,,0.0784313725490196,0.21568627450980393
Newton,8260.0,0.4782082324455206,0.5217917675544794,0.7397094430992736,0.007263922518159807,0.09079903147699758,0.162227602905569
North-Eastern Islands,50.0,,,,,,
Novena,49330.0,0.4851003446178796,0.5148996553821205,0.8254611798094466,0.03506993715791608,0.08392458949929049,0.05554429353334685
Orchard,920.0,0.4673913043478261,0.532608695652174,0.6847826086956522,0.021739130434782608,0.08695652173913043,0.21739130434782608
Outram,18340.0,0.5021810250817884,0.49781897491821153,0.8129770992366412,0.08996728462377317,0.0703380588876772,0.026172300981461286
Pasir Ris,147110.0,0.49310040106043096,0.506899598939569,0.6715383046699749,0.19964652300999253,0.08918496363265584,0.039698185031609
Paya Lebar,40.0,,,,,,
Pioneer,80.0,,,,,,
Punggol,174450.0,0.49263399254800805,0.5074233304671826,0.7563198624247636,0.14932645457151048,0.06987675551734021,0.024476927486385785
Queenstown,95930.0,0.4703429584071719,0.5297612842697801,0.8153862191181069,0.07234441780464923,0.07359532992807255,0.03867403314917127
River Valley,10070.0,0.45878848063555117,0.5412115193644489,0.6971201588877854,0.00893743793445879,0.14895729890764647,0.14498510427010924
Rochor,13120.0,0.49771341463414637,0.5022865853658537,0.7362804878048781,0.04573170731707317,0.18216463414634146,0.036585365853658534
Seletar,300.0,0.4666666666666667,0.5333333333333333,0.6333333333333333,0.03333333333333333,0.1,0.23333333333333334
Sembawang,102640.0,0.4940568978955573,0.5059431021044427,0.7103468433359315,0.16250974279033514,0.09119251753702261,0.03585346843335931
Sengkang,249370.0,0.4911577174479689,0.5088422825520311,0.7734290411837831,0.11452861210249829,0.08697918755263263,0.0250230581064282
Serangoon,116900.0,0.4822070145423439,0.5177929854576561,0.8449101796407186,0.041573994867408044,0.08768177929854576,0.02583404619332763
Simpang,,,,,,,
Singapore River,3260.0,0.4723926380368098,0.5306748466257669,0.7055214723926381,0.006134969325153374,0.09202453987730061,0.19631901840490798
Southern Islands,1940.0,0.4742268041237113,0.5257731958762887,0.520618556701031,0.015463917525773196,0.10309278350515463,0.36082474226804123
Straits View,,,,,,,
Sungei Kadut,750.0,0.5066666666666667,0.49333333333333335,0.8533333333333334,,0.12,0.02666666666666667
Tampines,259900.0,0.4886494805694498,0.5113505194305502,0.6681800692574067,0.21766063870719507,0.0834936514043863,0.030665640631011928
Tanglin,21810.0,0.4630903255387437,0.5364511691884457,0.745988078862907,0.011004126547455296,0.1008711600183402,0.14167812929848694
Tengah,10.0,,,,,,
Toa Payoh,121850.0,0.4750923266311038,0.5249076733688962,0.8315141567501025,0.06901928600738613,0.07049651210504719,0.028970045137464095
Tuas,70.0,,,,,,
Western Islands,10.0,,,,,,
Western Water Catchment,640.0,0.453125,0.546875,0.796875,,0.109375,0.09375
Woodlands,255130.0,0.50166581742641,0.49837337827774075,0.6089444596872183,0.25665347077960254,0.11068866852193,0.023752596715399994
Yishun,221610.0,0.4939759036144578,0.5060240963855421,0.6911240467487929,0.1822571183610848,0.09904787690086188,0.027570957989260413
