Dollar,ResidentHouseholds_Average,ResidentHouseholds_Median1,ResidentEmployedHouseholds_Average,ResidentEmployedHouseholds_Median1
2000,5438,4000,5949,4400
2001,5975,4367,6420,4719
2002,5671,4096,6234,4595
2003,5674,4074,6281,4617
2004,5671,4068,6290,4556
2005,5939,4275,6599,4839
2006,6187,4436,6798,4957
2007,6796,4849,7438,5370
2008,7698,5495,8421,6102
2009,7416,5363,8202,6012
2010,7819,5605,8733,6350
2011,8730,6315,9627,7040
2012,9402,6779,10356,7570
2013,9490,7039,10479,7882
2014,9990,7332,11153,8297
2015,10407,7744,11525,8673
2016,10355,7756,11611,8867
2017,10631,7866,12051,9044
2018,10685,7968,12161,9315
2019,10771,7990,12411,9442
2020,10629,7756,12258,9208
2021,10854,8236,12301,9544
2022,11504,8639,13152,10120
2023,12202,9337,13986,10882
2024,12570,9557,14570,11314
2025,13046,10088,15205,12027
