Number,Total,NoEmployedPerson,Below_1_000,1_000_1_999,2_000_2_999,3_000_3_999,4_000_4_999,5_000_5_999,6_000_6_999,7_000_7_999,8_000_8_999,9_000_9_999,10_000_10_999,11_000_11_999,12_000_12_999,13_000_13_999,14_000_14_999,15_000_17_499,17_500_19_999,20_000andOver
Total,1372559,182445,26987,70518,69178,74176,70563,73237,68600,65964,62602,59540,55098,49147,44133,40473,36066,77041,55319,191473
Ang Mo Kio,60220,11455,1563,4228,3557,4035,3355,3160,2930,2642,2253,2307,1923,1859,1332,1402,1222,2648,1815,6532
Bedok,97551,16818,2203,5278,5220,5515,4672,5050,3898,4251,3360,3712,3266,2685,2624,2515,1932,4056,3329,17168
Bishan,29445,4412,508,983,910,1252,983,1232,1288,1097,1040,986,944,970,892,862,777,1855,1558,6896
Bukit Batok,54297,5983,847,3328,3006,3160,3164,3222,2670,2783,2751,2371,2017,2197,1529,1544,1533,2953,2097,7142
Bukit Merah,59700,12444,1899,4583,3464,3463,2339,2541,2204,2238,1828,1801,1981,1704,1564,1340,1328,3190,1994,7794
Bukit Panjang,43580,4389,656,1664,2411,2562,2496,2626,2543,2438,2536,2039,1736,1666,1661,1133,1135,2574,1900,5416
Bukit Timah,24612,3846,294,364,455,349,482,552,485,630,561,503,610,530,484,459,470,1248,1096,11195
Choa Chu Kang,58024,4463,893,2065,2776,2860,3067,3326,3360,3451,3261,3095,2821,2581,2164,2075,2177,4052,2948,6588
Clementi,33609,5990,804,1656,1508,1548,1419,1593,1535,1362,1215,1105,1194,1000,915,917,717,1752,1333,6045
Downtown Core,1547,175,21,22,32,25,47,48,45,20,49,47,53,47,49,47,16,102,70,632
Geylang,42060,6991,1030,2826,2849,2671,2383,2362,2113,1652,1622,1616,1586,1398,1056,922,954,1764,1316,4946
Hougang,75109,8503,1475,3992,4459,4306,4039,4139,3907,3469,4147,3465,3056,2309,2552,2486,2129,3935,3114,9630
Jurong East,27213,4256,550,1642,1309,1743,1635,1737,1591,1403,1223,1073,1011,945,812,688,559,1415,1007,2614
Jurong West,83879,8069,1399,4460,4042,4654,5268,5273,5349,4861,4703,4323,4121,3514,3240,2981,2619,5050,3024,6930
Kallang,40832,8433,1355,3127,2379,2041,1935,1759,1514,1475,1305,1345,1405,1112,1185,948,748,1843,1443,5481
Marine Parade,17069,3552,339,683,647,741,595,510,496,460,578,439,473,417,375,294,244,792,656,4779
Novena,18281,2848,397,792,838,785,726,721,568,587,732,571,541,501,404,401,299,845,706,5021
Outram,8053,2194,393,813,504,392,278,341,201,235,220,213,186,165,218,136,154,327,216,868
Pasir Ris,44799,3702,587,1198,1398,1701,1756,2320,2088,2229,1965,2489,2178,2037,2108,1593,1683,3387,2464,7916
Punggol,56166,3531,877,2397,2418,3095,3060,2974,2988,3256,3290,3140,2916,2598,2487,2241,1772,4154,2833,6138
Queenstown,37053,7776,774,2398,1717,1924,1673,1515,1355,1304,1267,1252,1144,946,1156,906,779,2117,1535,5516
River Valley,3976,574,27,80,75,97,59,80,90,92,87,75,74,92,79,54,90,195,197,1860
Sembawang,33049,2716,586,1395,1695,2059,1958,2097,1924,1940,1844,1812,1632,1395,1218,1339,1168,1861,1537,2876
Sengkang,79376,5621,1276,3166,3556,3992,4292,4286,4742,4359,4236,4326,3842,3826,3096,3019,2887,6031,4007,8815
Serangoon,38086,5318,496,1444,1629,1464,1415,1769,1578,1776,1539,1465,1337,1274,1045,1061,1010,2016,1816,8634
Tampines,83681,9631,1389,4007,3907,4611,4470,4524,4450,4569,3810,4037,3904,3382,3047,2809,2351,5335,3748,9698
Tanglin,7938,1210,71,84,104,132,127,191,109,155,182,125,183,129,157,142,99,359,400,3977
Toa Payoh,46880,10015,1296,2987,2355,2613,2503,2078,2094,1749,1984,1455,1474,1357,1247,871,893,2264,1548,6095
Woodlands,78839,7133,1293,3913,4470,5150,5015,5568,5199,5039,4605,4547,3481,3202,2799,2918,2183,4574,2687,5064
Yishun,75403,8698,1551,4455,4912,4836,4917,5089,4722,4188,3897,3430,3594,2961,2372,2265,1919,3720,2363,5515
Others,12233,1698,139,489,576,398,436,555,563,256,510,375,415,352,267,106,219,625,564,3691
